{"cameraMode":{"drawMode":0,"name":"Shaded","section":"Shading Mode"},"sceneLighting":true,"audioPlay":false,"sceneViewState":{"showFog":true,"showMaterialUpdate":true,"showSkybox":false,"showFlares":true,"showImageEffects":true,"showParticleSystems":true},"in2DMode":false,"pivot":{"x":-5.393054008483887,"y":-16.096694946289064,"z":26.691118240356447},"rotation":{"x":-0.0015615217853337527,"y":0.9914252161979675,"z":-0.13012054562568665,"w":-0.011897674761712551},"size":41.61540985107422,"orthographic":false}